{
	"releaseDate" : "2024-09-22_17-30",
	"previousReleaseDate" : "2023-09-01_18-30",
	"previousReleaseLink" : "https://raw.githubusercontent.com/DSATool/EnhancementPlugin/master/release/Enhancement_2023-09-01_18-30.zip",
	"updateInfo" : "https://raw.githubusercontent.com/DSATool/EnhancementPlugin/master/release/update-info.json",
	"signatureProviderName" : "SunEC",
	"signatureKeyAlgorithm" : "EC",
	"signatureAlgorithm" : "SHA512withECDSA",
	"signatureKey" : "MFkwEwYHKoZIzj0CAQYIKoZIzj0DAQcDQgAEvSDE/sYChfUCM6CKNs4cD2Oe+/ROZSSJh83YAXOAFuI/bu6EkB+xm8jm1GKlaMvLKYpCNjI6bB5miyvm1qOSkA=="
}