{
	"releaseDate" : "2021-03-13_15-00",
	"previousReleaseDate" : "2021-03-11_17-30",
	"previousReleaseLink" : "https://raw.githubusercontent.com/DSATool/EnhancementPlugin/master/release/Enhancement_2021-03-11_17-30.zip",
	"updateInfo" : "https://raw.githubusercontent.com/DSATool/EnhancementPlugin/master/release/update-info.json",
	"signatureProviderName" : "SunEC",
	"signatureKeyAlgorithm" : "EC",
	"signatureAlgorithm" : "SHA512withECDSA",
	"signatureKey" : "MFkwEwYHKoZIzj0CAQYIKoZIzj0DAQcDQgAEvSDE/sYChfUCM6CKNs4cD2Oe+/ROZSSJh83YAXOAFuI/bu6EkB+xm8jm1GKlaMvLKYpCNjI6bB5miyvm1qOSkA=="
}