{
	"releaseDate" : "2026-01-18_12-15",
	"previousReleaseDate" : "2025-01-19_17-00",
	"previousReleaseLink" : "https://raw.githubusercontent.com/DSATool/EnhancementPlugin/master/release/Enhancement_2025-01-19_17-00.zip",
	"updateInfo" : "https://raw.githubusercontent.com/DSATool/EnhancementPlugin/master/release/update-info.json",
	"signatureProviderName" : "SunEC",
	"signatureKeyAlgorithm" : "EC",
	"signatureAlgorithm" : "SHA512withECDSA",
	"signatureKey" : "MFkwEwYHKoZIzj0CAQYIKoZIzj0DAQcDQgAEvSDE/sYChfUCM6CKNs4cD2Oe+/ROZSSJh83YAXOAFuI/bu6EkB+xm8jm1GKlaMvLKYpCNjI6bB5miyvm1qOSkA=="
}